{"cameraMode":{"drawMode":0,"name":"Shaded","section":"Shading Mode"},"sceneLighting":true,"audioPlay":false,"sceneViewState":{"showFog":true,"showMaterialUpdate":false,"showSkybox":true,"showFlares":true,"showImageEffects":true,"showParticleSystems":true},"in2DMode":false,"pivot":{"x":-2.020294189453125,"y":-0.0517578125,"z":-8.42138671875},"rotation":{"x":-0.0008973247022368014,"y":0.03658510744571686,"z":-0.00003205359462299384,"w":-0.9993301630020142},"size":605.52685546875,"orthographic":true}